<?xml version="1.0" encoding="UTF-8"?>
<!DOCTYPE beans PUBLIC "-//SPRING//DTD BEAN//EN" "http://www.springframework.org/dtd/spring-beans.dtd">
<beans>

	<bean id="configProperties"
		class="org.springframework.beans.factory.config.PropertiesFactoryBean">
		<property name="locations">
			<list>
				<value>classpath:config.properties</value>
				<!-- <value>classpath:jdbc.properties</value> <value>classpath:redis.properties</value> -->
			</list>
		</property>
	</bean>

	<bean id="propertyConfigurer"
		class="org.springframework.beans.factory.config.PreferencesPlaceholderConfigurer">
		<property name="properties" ref="configProperties" />
	</bean>

	<!-- jmx config -->
	<!-- 
	<bean id="appInfo" class="edu.hziee.common.lang.AppInfo"> <property 
		name="jarLocation"> <bean class="edu.hziee.common.lang.FileUtil" factory-method="getClassFilePath"> 
		<constructor-arg value="com.joyreach.sp.paltform.Booter" /> </bean> </property> 
	</bean>

	<bean id="jvmMemory" class="edu.hziee.common.lang.statistic.JVMMemory" />
	
	<bean id="transactionStatisticer" class="edu.hziee.common.lang.statistic.TransactionStatisticer"
		init-method="start" destroy-method="stop">
	</bean>

	<bean id="threadStatisticer" class="edu.hziee.common.lang.statistic.ThreadStatisticer" />
 
	<bean id="basisExporter" class="org.springframework.jmx.export.MBeanExporter"
		lazy-init="false">
		<property name="beans">
			<map>
				<entry key="net.sourceforge.mx4j:name=httpAdaptor" value-ref="httpAdaptor" />
				<entry key="edu.hziee:name=appInfo" value-ref="appInfo" />
				<entry key="edu.hziee:name=jvmMemory" value-ref="jvmMemory" />
				<entry key="edu.hziee:name=transactionStatisticer" value-ref="transactionStatisticer" />
				<entry key="edu.hziee:name=threadStatisticer" value-ref="threadStatisticer" />
				 
			</map>
		</property>
		<property name="server" ref="mbeanServer" />
		<property name="assembler">
			<bean
				class="org.springframework.jmx.export.assembler.SimpleReflectiveMBeanInfoAssembler" />
		</property>
	</bean>

	<bean id="mbeanServer" class="org.springframework.jmx.support.MBeanServerFactoryBean" />

	<bean id="httpAdaptor" class="mx4j.tools.adaptor.http.HttpAdaptor">
		<property name="processor">
			<bean id="xsltProcessor" class="mx4j.tools.adaptor.http.XSLTProcessor" />
		</property>
		<property name="host" value="${mx4j.http.adaptor.host}" />
		<property name="port" value="${mx4j.http.adaptor.port}" />
	</bean>
	-->
</beans>
