<?xml version="1.0" encoding="UTF-8"?>
<beans xmlns="http://www.springframework.org/schema/beans"
	xmlns:xsi="http://www.w3.org/2001/XMLSchema-instance" xmlns:jee="http://www.springframework.org/schema/jee"
	xmlns:tx="http://www.springframework.org/schema/tx" xmlns:aop="http://www.springframework.org/schema/aop"
	xmlns:p="http://www.springframework.org/schema/p" xmlns:util="http://www.springframework.org/schema/util"
	xmlns:tool="http://www.springframework.org/schema/tool" xmlns:context="http://www.springframework.org/schema/context"
	xsi:schemaLocation="http://www.springframework.org/schema/beans http://www.springframework.org/schema/beans/spring-beans.xsd  
     http://www.springframework.org/schema/tx http://www.springframework.org/schema/tx/spring-tx.xsd  
     http://www.springframework.org/schema/aop http://www.springframework.org/schema/aop/spring-aop.xsd  
     http://www.springframework.org/schema/jee http://www.springframework.org/schema/jee/spring-jee.xsd  
     http://www.springframework.org/schema/context http://www.springframework.org/schema/context/spring-context.xsd  
     http://www.springframework.org/schema/util http://www.springframework.org/schema/util/spring-util.xsd  
     http://www.springframework.org/schema/tool http://www.springframework.org/schema/tool/spring-tool.xsd"
	default-lazy-init="false">

	<!-- ================================= 事务控制 ============================================= -->
	<bean id="transactionManager"
		class="org.springframework.jdbc.datasource.DataSourceTransactionManager">
		<property name="dataSource" ref="smsDataSource"></property>
	</bean>

	<bean id="transactionInterceptor"
		class="org.springframework.transaction.interceptor.TransactionInterceptor">
		<property name="transactionManager" ref="transactionManager" />
		<property name="transactionAttributes">
			<props>
				<prop key="insertAccountMapping">PROPAGATION_REQUIRED,-Exception</prop>
				<prop key="parseAyxComplainExcel">PROPAGATION_REQUIRED,-Exception</prop>
				<prop key="addUserComplaint">PROPAGATION_REQUIRED,-Exception</prop>
				<prop key="insertCpAppOpenEntity">PROPAGATION_REQUIRED,-Exception</prop>
				<prop key="parseShunShiComplainExcel">PROPAGATION_REQUIRED,-Exception</prop>
				<prop key="batchCpChannelOperate">PROPAGATION_REQUIRED,-Exception</prop>
				<prop key="parseZhangYouHDYdmmComplainExcel">PROPAGATION_REQUIRED,-Exception</prop>
				<prop key="parseComplainExcel">PROPAGATION_REQUIRED,-Exception</prop>
				<prop key="batchInsertCpChannelEntity">PROPAGATION_REQUIRED,-Exception</prop>
				<prop key="batchInsertCpChannelStealEntity">PROPAGATION_REQUIRED,-Exception</prop>
				<prop key="channelGroupOpenProvinceSave">PROPAGATION_REQUIRED,-Exception</prop>
			</props>
		</property>
	</bean>

	<bean
		class="org.springframework.aop.framework.autoproxy.BeanNameAutoProxyCreator">
		<property name="beanNames">
			<list>
				<value>accountMappingService</value>
				<value>ayxComplaintService</value>
				<value>cpAppOpenService</value>
				<value>shunShiComplaintService</value>
				<value>cpChannelService</value>
				<value>zhangYouHDYdmmComplaintService</value>
				<value>spComplaintService</value>
				<value>cpInfoService</value>
				<value>channelGroupService</value>
			</list>
		</property>
		<property name="interceptorNames">
			<list>
				<value>transactionInterceptor</value>
			</list>
		</property>
	</bean>
</beans>