<?xml version="1.0" encoding="UTF-8"?>
<beans xmlns="http://www.springframework.org/schema/beans"
	xmlns:xsi="http://www.w3.org/2001/XMLSchema-instance" xmlns:p="http://www.springframework.org/schema/p"
	xmlns:mvc="http://www.springframework.org/schema/mvc" xmlns:context="http://www.springframework.org/schema/context"
	xmlns:util="http://www.springframework.org/schema/util"
	xsi:schemaLocation="http://www.springframework.org/schema/beans http://www.springframework.org/schema/beans/spring-beans-3.0.xsd  
              http://www.springframework.org/schema/context http://www.springframework.org/schema/context/spring-context-3.0.xsd  
              http://www.springframework.org/schema/mvc http://www.springframework.org/schema/mvc/spring-mvc-3.0.xsd              
             http://www.springframework.org/schema/util http://www.springframework.org/schema/util/spring-util-3.0.xsd">

	<bean
		class="org.springframework.web.servlet.mvc.annotation.AnnotationMethodHandlerAdapter" />

	<!-- 激活@Controller模式 -->
	<mvc:annotation-driven />
	<!-- 对包中的所有类进行扫描，以完成Bean创建和自动依赖注入的功能 需要更改 -->
	<context:component-scan base-package="cn.gloomy.h.action" />
	<context:component-scan base-package="cn.gloomy.h.service.impl" />


	<!-- 页面文件存放位置以及设置可查看文件的后缀 -->
	<bean id="viewResolver"
		class="org.springframework.web.servlet.view.InternalResourceViewResolver">
		<property name="prefix">
			<value>/jsp/</value>
		</property>
		<property name="suffix">
			<value>.jsp</value>
		</property>
		<property name="viewClass"
			value="org.springframework.web.servlet.view.JstlView" />
	</bean>

	<!-- 文件上传限制 -->
	<bean id="multipartResolver"
		class="org.springframework.web.multipart.commons.CommonsMultipartResolver">
		<property name="defaultEncoding" value="UTF-8" />
		<!-- 指定所上传文件的总大小不能超过200MB左右。注意maxUploadSize属性的限制不是针对单个文件，而是所有文件的容量之和 -->
		<property name="maxUploadSize" value="200000000" />
	</bean>


	<!-- SpringMVC在超出上传文件限制时，会抛出org.springframework.web.multipart.MaxUploadSizeExceededException -->
	<!-- 该异常是SpringMVC在检查上传的文件信息时抛出来的，而且此时还没有进入到Controller方法中 -->
	<bean id="exceptionResolver"
		class="org.springframework.web.servlet.handler.SimpleMappingExceptionResolver">
		<property name="exceptionMappings">
			<!-- 将页面抛出的异常重定向到错误代码页面 -->
			<props>
				<prop
					key="org.springframework.web.multipart.MaxUploadSizeExceededException">403</prop>
			</props>
		</property>
	</bean>

</beans>